{"frames": {

"BackupPlan.jpg":
{
	"frame": {"x":0,"y":0,"w":250,"h":200},
	"rotated": false,
	"trimmed": false,
	"spriteSourceSize": {"x":0,"y":0,"w":250,"h":200},
	"sourceSize": {"w":250,"h":200}
},
"Fisticuffs.jpg":
{
	"frame": {"x":253,"y":0,"w":250,"h":200},
	"rotated": false,
	"trimmed": false,
	"spriteSourceSize": {"x":0,"y":0,"w":250,"h":200},
	"sourceSize": {"w":250,"h":200}
},
"ImAMolePerson.jpg":
{
	"frame": {"x":506,"y":0,"w":250,"h":200},
	"rotated": false,
	"trimmed": false,
	"spriteSourceSize": {"x":0,"y":0,"w":250,"h":200},
	"sourceSize": {"w":250,"h":200}
},
"ImANinja.jpg":
{
	"frame": {"x":759,"y":0,"w":250,"h":200},
	"rotated": false,
	"trimmed": false,
	"spriteSourceSize": {"x":0,"y":0,"w":250,"h":200},
	"sourceSize": {"w":250,"h":200}
},
"ImAVictorian.jpg":
{
	"frame": {"x":0,"y":203,"w":250,"h":200},
	"rotated": false,
	"trimmed": false,
	"spriteSourceSize": {"x":0,"y":0,"w":250,"h":200},
	"sourceSize": {"w":250,"h":200}
},
"IveFixedTheWound.jpg":
{
	"frame": {"x":253,"y":203,"w":250,"h":200},
	"rotated": false,
	"trimmed": false,
	"spriteSourceSize": {"x":0,"y":0,"w":250,"h":200},
	"sourceSize": {"w":250,"h":200}
},
"LookADistraction.jpg":
{
	"frame": {"x":506,"y":203,"w":250,"h":200},
	"rotated": false,
	"trimmed": false,
	"spriteSourceSize": {"x":0,"y":0,"w":250,"h":200},
	"sourceSize": {"w":250,"h":200}
},
"TheLieTheyTellThemselves.jpg":
{
	"frame": {"x":759,"y":203,"w":250,"h":200},
	"rotated": false,
	"trimmed": false,
	"spriteSourceSize": {"x":0,"y":0,"w":250,"h":200},
	"sourceSize": {"w":250,"h":200}
},
"TheRightQuestions.jpg":
{
	"frame": {"x":0,"y":406,"w":250,"h":200},
	"rotated": false,
	"trimmed": false,
	"spriteSourceSize": {"x":0,"y":0,"w":250,"h":200},
	"sourceSize": {"w":250,"h":200}
},
"UndeniableFacts.jpg":
{
	"frame": {"x":253,"y":406,"w":250,"h":200},
	"rotated": false,
	"trimmed": false,
	"spriteSourceSize": {"x":0,"y":0,"w":250,"h":200},
	"sourceSize": {"w":250,"h":200}
},
"UntilYouMakeIt.jpg":
{
	"frame": {"x":506,"y":406,"w":250,"h":200},
	"rotated": false,
	"trimmed": false,
	"spriteSourceSize": {"x":0,"y":0,"w":250,"h":200},
	"sourceSize": {"w":250,"h":200}
},
"YoureLookingPale.jpg":
{
	"frame": {"x":759,"y":406,"w":250,"h":200},
	"rotated": false,
	"trimmed": false,
	"spriteSourceSize": {"x":0,"y":0,"w":250,"h":200},
	"sourceSize": {"w":250,"h":200}
},
"YoureOnOurSide.jpg":
{
	"frame": {"x":0,"y":609,"w":250,"h":200},
	"rotated": false,
	"trimmed": false,
	"spriteSourceSize": {"x":0,"y":0,"w":250,"h":200},
	"sourceSize": {"w":250,"h":200}
}},
"meta": {
	"app": "https://www.codeandweb.com/texturepacker",
	"version": "1.0",
	"image": "InquirerAtlas0",
	"format": "RGBA8888",
	"size": {"w":1024,"h":1024},
	"scale": "1",
	"smartupdate": "$TexturePacker:SmartUpdate:f87395bd5a1d77840172aee792605977:0eccf75c5a7b351bfbca675af54f09c6:dd92b0657ec9119b2002c43d8cb5b3e3$"
}
}
